﻿<?xml version="1.0" encoding="utf-8"?>
<publishData>
  <publishProfile publishUrl="https://andromedatraderdemo.cloudapp.net:8172/MsDeploy.axd" deleteExistingFiles="True" ftpAnonymousLogin="False" ftpPassiveMode="True" msdeploySite="AndromedaServer.WebRole_IN_0_Web" msdeploySiteID="" msdeployRemoteSitePhysicalPath="" msdeployAllowUntrustedCertificate="True" msdeploySkipExtraFilesOnServer="True" msdeployMarkAsApp="False" profileName="Andromeda Trader Demo - Production" publishMethod="MSDeploy" replaceMatchingFiles="False" userName="balint" savePWD="False" userPWD="" SelectedForPublish="True">
    <file relUrl="bin/Microsoft.WindowsAzure.Diagnostics.dll" publishTime="11/03/2011 14:32:52" />
    <file relUrl="Scripts/kinetic-v3.9.0.min.js" publishTime="03/27/2012 10:29:10" />
    <file relUrl="Map.aspx" publishTime="05/31/2012 15:00:45" />
    <file relUrl="Global.asax" publishTime="04/05/2012 13:36:54" />
    <file relUrl="bin/System.Web.Providers.dll" publishTime="04/05/2012 13:36:56" />
    <file relUrl="bin/Microsoft.WindowsAzure.StorageClient.dll" publishTime="11/03/2011 14:32:50" />
    <file relUrl="Andromeda.Master" publishTime="05/31/2012 09:18:41" />
    <file relUrl="FullLeaderboard.aspx" publishTime="05/31/2012 13:02:01" />
    <file relUrl="bin/AndromedaServer.WebRole.dll" publishTime="05/31/2012 15:05:18" />
    <file relUrl="bin/Troschuetz.Random.dll" publishTime="03/27/2007 11:26:06" />
    <file relUrl="Scheduler.aspx" publishTime="05/31/2012 08:52:06" />
    <file relUrl="Style/Style.css" publishTime="05/31/2012 09:20:55" />
    <file relUrl="bin/Microsoft.WindowsAzure.Diagnostics.xml" publishTime="11/03/2011 14:04:58" />
    <file relUrl="bin/WebHttpCors.dll" publishTime="04/08/2012 15:25:56" />
    <file relUrl="Register.aspx" publishTime="05/31/2012 08:51:47" />
    <file relUrl="AccountLogin.aspx" publishTime="05/31/2012 08:58:02" />
    <file relUrl="AndromedaService.svc" publishTime="04/05/2012 14:01:24" />
    <file relUrl="binRefs/Troschuetz.Random.dll" publishTime="03/27/2007 11:26:06" />
    <file relUrl="Default.aspx" publishTime="05/22/2012 12:55:06" />
    <file relUrl="Admin.aspx" publishTime="05/31/2012 09:15:12" />
    <file relUrl="AccountRegister.aspx" publishTime="05/31/2012 08:59:59" />
    <file relUrl="packages.config" publishTime="04/05/2012 13:36:56" />
    <file relUrl="InformationService.svc" publishTime="04/18/2012 10:47:26" />
    <file relUrl="ClientService.svc" publishTime="04/18/2012 10:30:18" />
    <file relUrl="clientaccesspolicy.xml" publishTime="04/23/2012 14:01:46" />
    <file relUrl="Web.config" publishTime="05/31/2012 14:58:13" />
    <file relUrl="binRefs/WebHttpCors.dll" publishTime="04/08/2012 15:25:56" />
    <file relUrl="bin/Microsoft.WindowsAzure.StorageClient.xml" publishTime="10/24/2011 16:37:32" />
    <file relUrl="bin/AndromedaServer.WebRole.pdb" publishTime="05/31/2012 15:05:18" />
    <file relUrl="RegisterComplete.aspx" publishTime="05/31/2012 13:04:32" />
  </publishProfile>
</publishData>