﻿{
  "ProviderId": "Microsoft.VisualStudio.ConnectedService.Wcf",
  "Version": "15.0.30515.712",
  "GettingStartedDocument": {
    "Uri": "https://go.microsoft.com/fwlink/?linkid=858517"
  },
  "ExtendedData": {
    "inputs": [
      "http://ifat.azurewebsites.net/AndromedaService.svc"
    ],
    "collectionTypes": [
      "System.Array",
      "System.Collections.Generic.Dictionary`2"
    ],
    "namespaceMappings": [
      "*, AndromedaScaffold.WorkerRole.AndromedaServiceReference"
    ],
    "references": [
      "Microsoft.AspNetCore.Authentication.Abstractions, {Microsoft.AspNetCore.Authentication.Abstractions, 2.1.0}",
      "Microsoft.AspNetCore.Authentication.Core, {Microsoft.AspNetCore.Authentication.Core, 2.1.0}",
      "Microsoft.AspNetCore.Authorization, {Microsoft.AspNetCore.Authorization, 2.1.0}",
      "Microsoft.AspNetCore.Authorization.Policy, {Microsoft.AspNetCore.Authorization.Policy, 2.1.0}",
      "Microsoft.AspNetCore.Hosting.Abstractions, {Microsoft.AspNetCore.Hosting.Abstractions, 2.1.0}",
      "Microsoft.AspNetCore.Hosting.Server.Abstractions, {Microsoft.AspNetCore.Hosting.Server.Abstractions, 2.1.0}",
      "Microsoft.AspNetCore.Http, {Microsoft.AspNetCore.Http, 2.1.0}",
      "Microsoft.AspNetCore.Http.Abstractions, {Microsoft.AspNetCore.Http.Abstractions, 2.1.0}",
      "Microsoft.AspNetCore.Http.Extensions, {Microsoft.AspNetCore.Http.Extensions, 2.1.0}",
      "Microsoft.AspNetCore.Http.Features, {Microsoft.AspNetCore.Http.Features, 2.1.0}",
      "Microsoft.AspNetCore.JsonPatch, {Microsoft.AspNetCore.JsonPatch, 2.1.0}",
      "Microsoft.AspNetCore.Mvc.Abstractions, {Microsoft.AspNetCore.Mvc.Abstractions, 2.1.0}",
      "Microsoft.AspNetCore.Mvc.Core, {Microsoft.AspNetCore.Mvc.Core, 2.1.0}",
      "Microsoft.AspNetCore.Mvc.Formatters.Json, {Microsoft.AspNetCore.Mvc.Formatters.Json, 2.1.0}",
      "Microsoft.AspNetCore.Mvc.WebApiCompatShim, {Microsoft.AspNetCore.Mvc.WebApiCompatShim, 2.1.0}",
      "Microsoft.AspNetCore.ResponseCaching.Abstractions, {Microsoft.AspNetCore.ResponseCaching.Abstractions, 2.1.0}",
      "Microsoft.AspNetCore.Routing, {Microsoft.AspNetCore.Routing, 2.1.0}",
      "Microsoft.AspNetCore.Routing.Abstractions, {Microsoft.AspNetCore.Routing.Abstractions, 2.1.0}",
      "Microsoft.AspNetCore.WebUtilities, {Microsoft.AspNetCore.WebUtilities, 2.1.0}",
      "Microsoft.Azure.WebJobs, {Microsoft.Azure.WebJobs.Core, 3.0.0}",
      "Microsoft.Azure.WebJobs.Extensions, {Microsoft.Azure.WebJobs.Extensions, 3.0.0}",
      "Microsoft.Azure.WebJobs.Extensions.Http, {Microsoft.Azure.WebJobs.Extensions.Http, 3.0.0}",
      "Microsoft.Azure.WebJobs.Host, {Microsoft.Azure.WebJobs, 3.0.0}",
      "Microsoft.Azure.WebJobs.Host.Storage, {Microsoft.Azure.WebJobs.Host.Storage, 3.0.0}",
      "Microsoft.Build.Framework, {Microsoft.Build.Framework, 15.3.409}",
      "Microsoft.Build.Utilities.Core, {Microsoft.Build.Utilities.Core, 15.3.409}",
      "Microsoft.CSharp, {Microsoft.NETCore.App, 2.1.0}",
      "Microsoft.DotNet.PlatformAbstractions, {Microsoft.DotNet.PlatformAbstractions, 2.1.0}",
      "Microsoft.Extensions.Configuration, {Microsoft.Extensions.Configuration, 2.1.0}",
      "Microsoft.Extensions.Configuration.Abstractions, {Microsoft.Extensions.Configuration.Abstractions, 2.1.0}",
      "Microsoft.Extensions.Configuration.Binder, {Microsoft.Extensions.Configuration.Binder, 2.1.0}",
      "Microsoft.Extensions.Configuration.EnvironmentVariables, {Microsoft.Extensions.Configuration.EnvironmentVariables, 2.1.0}",
      "Microsoft.Extensions.Configuration.FileExtensions, {Microsoft.Extensions.Configuration.FileExtensions, 2.1.0}",
      "Microsoft.Extensions.Configuration.Json, {Microsoft.Extensions.Configuration.Json, 2.1.0}",
      "Microsoft.Extensions.DependencyInjection, {Microsoft.Extensions.DependencyInjection, 2.1.0}",
      "Microsoft.Extensions.DependencyInjection.Abstractions, {Microsoft.Extensions.DependencyInjection.Abstractions, 2.1.0}",
      "Microsoft.Extensions.DependencyModel, {Microsoft.Extensions.DependencyModel, 2.1.0}",
      "Microsoft.Extensions.FileProviders.Abstractions, {Microsoft.Extensions.FileProviders.Abstractions, 2.1.0}",
      "Microsoft.Extensions.FileProviders.Physical, {Microsoft.Extensions.FileProviders.Physical, 2.1.0}",
      "Microsoft.Extensions.FileSystemGlobbing, {Microsoft.Extensions.FileSystemGlobbing, 2.1.0}",
      "Microsoft.Extensions.Hosting, {Microsoft.Extensions.Hosting, 2.1.0}",
      "Microsoft.Extensions.Hosting.Abstractions, {Microsoft.Extensions.Hosting.Abstractions, 2.1.0}",
      "Microsoft.Extensions.Logging, {Microsoft.Extensions.Logging, 2.1.0}",
      "Microsoft.Extensions.Logging.Abstractions, {Microsoft.Extensions.Logging.Abstractions, 2.1.0}",
      "Microsoft.Extensions.Logging.Configuration, {Microsoft.Extensions.Logging.Configuration, 2.1.0}",
      "Microsoft.Extensions.ObjectPool, {Microsoft.Extensions.ObjectPool, 2.1.0}",
      "Microsoft.Extensions.Options, {Microsoft.Extensions.Options, 2.1.0}",
      "Microsoft.Extensions.Options.ConfigurationExtensions, {Microsoft.Extensions.Options.ConfigurationExtensions, 2.1.0}",
      "Microsoft.Extensions.Primitives, {Microsoft.Extensions.Primitives, 2.1.0}",
      "Microsoft.Net.Http.Headers, {Microsoft.Net.Http.Headers, 2.1.0}",
      "Microsoft.VisualBasic, {Microsoft.NETCore.App, 2.1.0}",
      "Microsoft.Win32.Primitives, {Microsoft.NETCore.App, 2.1.0}",
      "Microsoft.WindowsAzure.Storage, {WindowsAzure.Storage, 9.3.1}",
      "mscorlib, {Microsoft.NETCore.App, 2.1.0}",
      "NCrontab.Signed, {ncrontab.signed, 3.3.0}",
      "netstandard, {Microsoft.NETCore.App, 2.1.0}",
      "Newtonsoft.Json, {Newtonsoft.Json, 11.0.2}",
      "Newtonsoft.Json.Bson, {Newtonsoft.Json.Bson, 1.0.1}",
      "System, {Microsoft.NETCore.App, 2.1.0}",
      "System.AppContext, {Microsoft.NETCore.App, 2.1.0}",
      "System.Buffers, {Microsoft.NETCore.App, 2.1.0}",
      "System.Collections, {Microsoft.NETCore.App, 2.1.0}",
      "System.Collections.Concurrent, {Microsoft.NETCore.App, 2.1.0}",
      "System.Collections.Immutable, {Microsoft.NETCore.App, 2.1.0}",
      "System.Collections.NonGeneric, {Microsoft.NETCore.App, 2.1.0}",
      "System.Collections.Specialized, {Microsoft.NETCore.App, 2.1.0}",
      "System.ComponentModel, {Microsoft.NETCore.App, 2.1.0}",
      "System.ComponentModel.Annotations, {Microsoft.NETCore.App, 2.1.0}",
      "System.ComponentModel.DataAnnotations, {Microsoft.NETCore.App, 2.1.0}",
      "System.ComponentModel.EventBasedAsync, {Microsoft.NETCore.App, 2.1.0}",
      "System.ComponentModel.Primitives, {Microsoft.NETCore.App, 2.1.0}",
      "System.ComponentModel.TypeConverter, {Microsoft.NETCore.App, 2.1.0}",
      "System.Configuration, {Microsoft.NETCore.App, 2.1.0}",
      "System.Console, {Microsoft.NETCore.App, 2.1.0}",
      "System.Core, {Microsoft.NETCore.App, 2.1.0}",
      "System.Data, {Microsoft.NETCore.App, 2.1.0}",
      "System.Data.Common, {Microsoft.NETCore.App, 2.1.0}",
      "System.Diagnostics.Contracts, {Microsoft.NETCore.App, 2.1.0}",
      "System.Diagnostics.Debug, {Microsoft.NETCore.App, 2.1.0}",
      "System.Diagnostics.DiagnosticSource, {Microsoft.NETCore.App, 2.1.0}",
      "System.Diagnostics.FileVersionInfo, {Microsoft.NETCore.App, 2.1.0}",
      "System.Diagnostics.Process, {Microsoft.NETCore.App, 2.1.0}",
      "System.Diagnostics.StackTrace, {Microsoft.NETCore.App, 2.1.0}",
      "System.Diagnostics.TextWriterTraceListener, {Microsoft.NETCore.App, 2.1.0}",
      "System.Diagnostics.Tools, {Microsoft.NETCore.App, 2.1.0}",
      "System.Diagnostics.TraceSource, {Microsoft.NETCore.App, 2.1.0}",
      "System.Diagnostics.Tracing, {Microsoft.NETCore.App, 2.1.0}",
      "System.Drawing, {Microsoft.NETCore.App, 2.1.0}",
      "System.Drawing.Primitives, {Microsoft.NETCore.App, 2.1.0}",
      "System.Dynamic.Runtime, {Microsoft.NETCore.App, 2.1.0}",
      "System.Globalization, {Microsoft.NETCore.App, 2.1.0}",
      "System.Globalization.Calendars, {Microsoft.NETCore.App, 2.1.0}",
      "System.Globalization.Extensions, {Microsoft.NETCore.App, 2.1.0}",
      "System.IO, {Microsoft.NETCore.App, 2.1.0}",
      "System.IO.Compression, {Microsoft.NETCore.App, 2.1.0}",
      "System.IO.Compression.Brotli, {Microsoft.NETCore.App, 2.1.0}",
      "System.IO.Compression.FileSystem, {Microsoft.NETCore.App, 2.1.0}",
      "System.IO.Compression.ZipFile, {Microsoft.NETCore.App, 2.1.0}",
      "System.IO.FileSystem, {Microsoft.NETCore.App, 2.1.0}",
      "System.IO.FileSystem.DriveInfo, {Microsoft.NETCore.App, 2.1.0}",
      "System.IO.FileSystem.Primitives, {Microsoft.NETCore.App, 2.1.0}",
      "System.IO.FileSystem.Watcher, {Microsoft.NETCore.App, 2.1.0}",
      "System.IO.IsolatedStorage, {Microsoft.NETCore.App, 2.1.0}",
      "System.IO.MemoryMappedFiles, {Microsoft.NETCore.App, 2.1.0}",
      "System.IO.Pipes, {Microsoft.NETCore.App, 2.1.0}",
      "System.IO.UnmanagedMemoryStream, {Microsoft.NETCore.App, 2.1.0}",
      "System.Linq, {Microsoft.NETCore.App, 2.1.0}",
      "System.Linq.Expressions, {Microsoft.NETCore.App, 2.1.0}",
      "System.Linq.Parallel, {Microsoft.NETCore.App, 2.1.0}",
      "System.Linq.Queryable, {Microsoft.NETCore.App, 2.1.0}",
      "System.Memory, {Microsoft.NETCore.App, 2.1.0}",
      "System.Net, {Microsoft.NETCore.App, 2.1.0}",
      "System.Net.Http, {Microsoft.NETCore.App, 2.1.0}",
      "System.Net.Http.Formatting, {Microsoft.AspNet.WebApi.Client, 5.2.4}",
      "System.Net.HttpListener, {Microsoft.NETCore.App, 2.1.0}",
      "System.Net.Mail, {Microsoft.NETCore.App, 2.1.0}",
      "System.Net.NameResolution, {Microsoft.NETCore.App, 2.1.0}",
      "System.Net.NetworkInformation, {Microsoft.NETCore.App, 2.1.0}",
      "System.Net.Ping, {Microsoft.NETCore.App, 2.1.0}",
      "System.Net.Primitives, {Microsoft.NETCore.App, 2.1.0}",
      "System.Net.Requests, {Microsoft.NETCore.App, 2.1.0}",
      "System.Net.Security, {Microsoft.NETCore.App, 2.1.0}",
      "System.Net.ServicePoint, {Microsoft.NETCore.App, 2.1.0}",
      "System.Net.Sockets, {Microsoft.NETCore.App, 2.1.0}",
      "System.Net.WebClient, {Microsoft.NETCore.App, 2.1.0}",
      "System.Net.WebHeaderCollection, {Microsoft.NETCore.App, 2.1.0}",
      "System.Net.WebProxy, {Microsoft.NETCore.App, 2.1.0}",
      "System.Net.WebSockets, {Microsoft.NETCore.App, 2.1.0}",
      "System.Net.WebSockets.Client, {Microsoft.NETCore.App, 2.1.0}",
      "System.Numerics, {Microsoft.NETCore.App, 2.1.0}",
      "System.Numerics.Vectors, {Microsoft.NETCore.App, 2.1.0}",
      "System.ObjectModel, {Microsoft.NETCore.App, 2.1.0}",
      "System.Reflection, {Microsoft.NETCore.App, 2.1.0}",
      "System.Reflection.DispatchProxy, {Microsoft.NETCore.App, 2.1.0}",
      "System.Reflection.Emit, {Microsoft.NETCore.App, 2.1.0}",
      "System.Reflection.Emit.ILGeneration, {Microsoft.NETCore.App, 2.1.0}",
      "System.Reflection.Emit.Lightweight, {Microsoft.NETCore.App, 2.1.0}",
      "System.Reflection.Extensions, {Microsoft.NETCore.App, 2.1.0}",
      "System.Reflection.Metadata, {Microsoft.NETCore.App, 2.1.0}",
      "System.Reflection.Primitives, {Microsoft.NETCore.App, 2.1.0}",
      "System.Reflection.TypeExtensions, {Microsoft.NETCore.App, 2.1.0}",
      "System.Resources.Reader, {Microsoft.NETCore.App, 2.1.0}",
      "System.Resources.ResourceManager, {Microsoft.NETCore.App, 2.1.0}",
      "System.Resources.Writer, {Microsoft.NETCore.App, 2.1.0}",
      "System.Runtime, {Microsoft.NETCore.App, 2.1.0}",
      "System.Runtime.CompilerServices.Unsafe, {System.Runtime.CompilerServices.Unsafe, 4.5.0}",
      "System.Runtime.CompilerServices.VisualC, {Microsoft.NETCore.App, 2.1.0}",
      "System.Runtime.Extensions, {Microsoft.NETCore.App, 2.1.0}",
      "System.Runtime.Handles, {Microsoft.NETCore.App, 2.1.0}",
      "System.Runtime.InteropServices, {Microsoft.NETCore.App, 2.1.0}",
      "System.Runtime.InteropServices.RuntimeInformation, {Microsoft.NETCore.App, 2.1.0}",
      "System.Runtime.InteropServices.WindowsRuntime, {Microsoft.NETCore.App, 2.1.0}",
      "System.Runtime.Loader, {Microsoft.NETCore.App, 2.1.0}",
      "System.Runtime.Numerics, {Microsoft.NETCore.App, 2.1.0}",
      "System.Runtime.Serialization, {Microsoft.NETCore.App, 2.1.0}",
      "System.Runtime.Serialization.Formatters, {Microsoft.NETCore.App, 2.1.0}",
      "System.Runtime.Serialization.Json, {Microsoft.NETCore.App, 2.1.0}",
      "System.Runtime.Serialization.Primitives, {Microsoft.NETCore.App, 2.1.0}",
      "System.Runtime.Serialization.Xml, {Microsoft.NETCore.App, 2.1.0}",
      "System.Security, {Microsoft.NETCore.App, 2.1.0}",
      "System.Security.Claims, {Microsoft.NETCore.App, 2.1.0}",
      "System.Security.Cryptography.Algorithms, {Microsoft.NETCore.App, 2.1.0}",
      "System.Security.Cryptography.Csp, {Microsoft.NETCore.App, 2.1.0}",
      "System.Security.Cryptography.Encoding, {Microsoft.NETCore.App, 2.1.0}",
      "System.Security.Cryptography.Primitives, {Microsoft.NETCore.App, 2.1.0}",
      "System.Security.Cryptography.X509Certificates, {Microsoft.NETCore.App, 2.1.0}",
      "System.Security.Principal, {Microsoft.NETCore.App, 2.1.0}",
      "System.Security.SecureString, {Microsoft.NETCore.App, 2.1.0}",
      "System.ServiceModel.Web, {Microsoft.NETCore.App, 2.1.0}",
      "System.ServiceProcess, {Microsoft.NETCore.App, 2.1.0}",
      "System.Text.Encoding, {Microsoft.NETCore.App, 2.1.0}",
      "System.Text.Encoding.CodePages, {System.Text.Encoding.CodePages, 4.0.1}",
      "System.Text.Encoding.Extensions, {Microsoft.NETCore.App, 2.1.0}",
      "System.Text.Encodings.Web, {System.Text.Encodings.Web, 4.5.0}",
      "System.Text.RegularExpressions, {Microsoft.NETCore.App, 2.1.0}",
      "System.Threading, {Microsoft.NETCore.App, 2.1.0}",
      "System.Threading.Overlapped, {Microsoft.NETCore.App, 2.1.0}",
      "System.Threading.Tasks, {Microsoft.NETCore.App, 2.1.0}",
      "System.Threading.Tasks.Dataflow, {Microsoft.NETCore.App, 2.1.0}",
      "System.Threading.Tasks.Extensions, {Microsoft.NETCore.App, 2.1.0}",
      "System.Threading.Tasks.Parallel, {Microsoft.NETCore.App, 2.1.0}",
      "System.Threading.Thread, {Microsoft.NETCore.App, 2.1.0}",
      "System.Threading.ThreadPool, {Microsoft.NETCore.App, 2.1.0}",
      "System.Threading.Timer, {Microsoft.NETCore.App, 2.1.0}",
      "System.Transactions, {Microsoft.NETCore.App, 2.1.0}",
      "System.Transactions.Local, {Microsoft.NETCore.App, 2.1.0}",
      "System.ValueTuple, {Microsoft.NETCore.App, 2.1.0}",
      "System.Web, {Microsoft.NETCore.App, 2.1.0}",
      "System.Web.HttpUtility, {Microsoft.NETCore.App, 2.1.0}",
      "System.Windows, {Microsoft.NETCore.App, 2.1.0}",
      "System.Xml, {Microsoft.NETCore.App, 2.1.0}",
      "System.Xml.Linq, {Microsoft.NETCore.App, 2.1.0}",
      "System.Xml.ReaderWriter, {Microsoft.NETCore.App, 2.1.0}",
      "System.Xml.Serialization, {Microsoft.NETCore.App, 2.1.0}",
      "System.Xml.XDocument, {Microsoft.NETCore.App, 2.1.0}",
      "System.Xml.XmlDocument, {Microsoft.NETCore.App, 2.1.0}",
      "System.Xml.XmlSerializer, {Microsoft.NETCore.App, 2.1.0}",
      "System.Xml.XPath, {Microsoft.NETCore.App, 2.1.0}",
      "System.Xml.XPath.XDocument, {Microsoft.NETCore.App, 2.1.0}",
      "WindowsBase, {Microsoft.NETCore.App, 2.1.0}"
    ],
    "targetFramework": "netcoreapp2.1",
    "typeReuseMode": "All"
  }
}